Fold,Accuracy,Precision,Recall,F1
1,0.9142857142857143,0.9183222146548026,0.914285714285714,0.9147715938607287
2,0.9089285714285714,0.909117093050126,0.9089285714285715,0.9088807738870031
3,0.9196428571428571,0.9215061935470957,0.9196428571428571,0.9194143603733507
4,0.8875,0.8888838770719951,0.8875000000000001,0.8860294302504819
5,0.9357142857142857,0.9371331943037369,0.9357142857142857,0.9358956902988257
