Metric,Mean,Std
accuracy,0.9132142857142858,0.01567364875535122
precision,0.9149925145255512,0.01587391662811497
recall,0.9132142857142858,0.015673648755351176
f1,0.912998369734078,0.016204165150732742
