Metric,Mean,Std
accuracy,0.9092857142857144,0.017764043022065554
precision,0.9111778819960856,0.016949323087716028
recall,0.9092857142857141,0.017764043022065565
f1,0.9090075544719836,0.018420858897486306
