Metric,Mean,Std
accuracy,0.9232142857142858,0.0556845158560479
precision,0.929849609902299,0.044675218643320254
recall,0.9232142857142858,0.0556845158560479
f1,0.9227454166531583,0.05695573441116919
