Metric,Mean,Std
accuracy,0.7571428571428572,0.09948848769417229
precision,0.798583256567844,0.0561037588665425
recall,0.7571428571428571,0.09948848769417228
f1,0.7543202345347766,0.10249568863915229
