Metric,Mean,Std
accuracy,0.9467857142857143,0.016536909861128903
precision,0.9493332753917351,0.016202329072646696
recall,0.9467857142857141,0.016536909861128837
f1,0.9466694408852631,0.016897110308365472
