Metric,Mean,Std
accuracy,0.8521428571428571,0.10598421137709375
precision,0.8731088761948937,0.07543961427329579
recall,0.8521428571428572,0.10598421137709384
f1,0.8529654547992012,0.104261453711657
