Metric,Mean,Std
accuracy,0.8085714285714285,0.05860432680426767
precision,0.8452811893519001,0.04525256263083361
recall,0.8085714285714285,0.05860432680426767
f1,0.8045727078666131,0.06092327526258866
