Fold,Accuracy,Precision,Recall,F1
1,0.9428571428571428,0.9466795427009265,0.9428571428571428,0.9431064498236746
2,0.8857142857142857,0.9007415404846173,0.8857142857142856,0.886564697885845
3,0.9857142857142858,0.9859325934529186,0.9857142857142857,0.9857576797877448
4,0.9178571428571428,0.9285944631016962,0.9178571428571428,0.9185564470086885
5,0.9678571428571429,0.9693359618845534,0.9678571428571427,0.9678558195650047
