Metric,Mean,Std
accuracy,0.5914285714285714,0.11161157134071205
precision,0.6359495663067092,0.09597182980835667
recall,0.5914285714285714,0.11161157134071202
f1,0.5806320168282171,0.1197208160207877
