Metric,Mean,Std
accuracy,0.9399999999999998,0.03552808604413114
precision,0.9462568203249424,0.029968623606241983
recall,0.9399999999999998,0.03552808604413113
f1,0.9403682188141914,0.03519614048485846
