Metric,Mean,Std
accuracy,0.4849,0.016683524807426013
precision,0.4895752953078133,0.01703886499138636
recall,0.4849,0.01668352480742601
f1,0.48351037748482695,0.016732919116750265
