Metric,Mean,Std
accuracy,0.4867,0.030246652707365797
precision,0.48993204107747934,0.028861158742897693
recall,0.4867,0.030246652707365866
f1,0.48581436360786273,0.02916182611453606
