Metric,Mean,Std
accuracy,0.5222,0.015429193109168102
precision,0.5309340251910715,0.010506510785580991
recall,0.5222,0.015429193109168042
f1,0.5221854978473376,0.013761274554677272
