Metric,Mean,Std
accuracy,0.5241,0.011015443704181881
precision,0.5305104244147959,0.011267157056457226
recall,0.5241,0.011015443704181881
f1,0.5236767951754484,0.010891039843418337
