Metric,Mean,Std
accuracy,0.6146999999999999,0.011889491158161474
precision,0.6252005358068199,0.005697874877314422
recall,0.6147,0.01188949115816148
f1,0.6147075436145808,0.009957530214765482
