Metric,Mean,Std
accuracy,0.5431999999999999,0.02093704850259465
precision,0.5669480421194619,0.013598645943312221
recall,0.5432000000000001,0.020937048502594653
f1,0.5443090487386597,0.017918228930179178
