Metric,Mean,Std
accuracy,0.5367,0.01682438706164359
precision,0.5523999678631083,0.007090331719245157
recall,0.5367,0.016824387061643537
f1,0.5323866214189344,0.019493980064846782
