Metric,Mean,Std
accuracy,0.5811999999999999,0.01548418548067674
precision,0.6012970924327453,0.01409199120012595
recall,0.5811999999999999,0.015484185480676722
f1,0.5767964306366562,0.022294656619221604
