Metric,Mean,Std
accuracy,0.5864,0.01139034679015528
precision,0.5949039549595991,0.01359248883282132
recall,0.5864,0.011390346790155256
f1,0.5827727761554644,0.011722577424630166
