Metric,Mean,Std
accuracy,0.5978,0.015590381650235522
precision,0.610357701602138,0.013142506842637363
recall,0.5978,0.015590381650235522
f1,0.5956961539756032,0.015211465620506077
