Metric,Mean,Std
accuracy,0.6075999999999999,0.012212288892750634
precision,0.6120218298095441,0.013396587253694369
recall,0.6076,0.012212288892750603
f1,0.6047961842005266,0.015038598854064774
