Metric,Mean,Std
accuracy,0.5504999999999999,0.017049926686059397
precision,0.5579150842803712,0.010484706483962937
recall,0.5504999999999999,0.017049926686059334
f1,0.5454347699764605,0.018961660670556577
