Metric,Mean,Std
accuracy,0.5938000000000001,0.014469277798148734
precision,0.6050069676594845,0.017599620276462634
recall,0.5938,0.014469277798148742
f1,0.590677450968157,0.015932530112142625
