Metric,Mean,Std
accuracy,0.5859,0.019425241311242458
precision,0.5999643499927587,0.014135305518500951
recall,0.5858999999999999,0.019425241311242424
f1,0.5856083164382007,0.018601036369587546
