Metric,Mean,Std
accuracy,0.5894,0.01753966932413494
precision,0.6046772882190345,0.020992609924033196
recall,0.5894,0.01753966932413494
f1,0.5861757634396286,0.017853957445189063
