Metric,Mean,Std
accuracy,0.5614,0.025656188337319336
precision,0.5781278655541652,0.01704888366664091
recall,0.5614,0.025656188337319356
f1,0.5563635354521421,0.02359745024638208
