Metric,Mean,Std
accuracy,0.5722999999999999,0.012363656417096037
precision,0.5810691353879962,0.008341699791693491
recall,0.5723,0.012363656417096022
f1,0.5688188433591422,0.010214579146875844
