Metric,Mean,Std
accuracy,0.5822,0.025642932749590112
precision,0.6012358182241297,0.01466092740921084
recall,0.5822,0.025642932749590067
f1,0.5804890477052256,0.026969697201801913
