Metric,Mean,Std
accuracy,0.5952999999999999,0.019025246384738334
precision,0.6228102441154226,0.00887225335168187
recall,0.5953000000000002,0.01902524638473833
f1,0.6001915492716113,0.01364567993031241
