Metric,Mean,Std
accuracy,0.5776,0.02165040415327159
precision,0.5999526684192809,0.013509462655944129
recall,0.5776,0.02165040415327159
f1,0.5758562652465029,0.021273242306064543
