Metric,Mean,Std
accuracy,0.5621,0.016442019340701428
precision,0.5739327855321488,0.008788804755706257
recall,0.5621,0.016442019340701393
f1,0.561956485640339,0.014368948190223604
