Metric,Mean,Std
accuracy,0.5775,0.014293355099485908
precision,0.6023091276937036,0.011197578045294865
recall,0.5775,0.014293355099485944
f1,0.5764036983851399,0.014057615000566927
