Metric,Mean,Std
accuracy,0.5338,0.03212102115437803
precision,0.5526425549359214,0.02355119733867374
recall,0.5338,0.03212102115437803
f1,0.5323742434965086,0.035589408911446956
