Metric,Mean,Std
accuracy,0.5806,0.013705473359209464
precision,0.591308778002484,0.010190961162264018
recall,0.5806,0.013705473359209464
f1,0.5801072102151321,0.010674202667147765
