Metric,Mean,Std
accuracy,0.5427000000000001,0.010141991914806487
precision,0.5478572970201017,0.008799362939877528
recall,0.5427000000000001,0.01014199191480647
f1,0.5414588699882146,0.008556268743562351
