Metric,Mean,Std
accuracy,0.5445,0.01550806241927081
precision,0.5514560643705088,0.014040485190298319
recall,0.5445,0.015508062419270838
f1,0.5435740291990271,0.01393796551158074
