Fold,Accuracy,Precision,Recall,F1
1,0.5615,0.5628790085666008,0.5615,0.5569708052869939
2,0.544,0.5519426302954554,0.544,0.5432415083967987
3,0.5335,0.5378571285179325,0.5335,0.5327183752664462
4,0.5345,0.5420132762866269,0.5345000000000001,0.5350291163917944
5,0.54,0.5445944414338928,0.54,0.5393345445990395
