Metric,Mean,Std
accuracy,0.5886,0.009774456506629926
precision,0.6138215233670399,0.012880044902229557
recall,0.5886,0.009774456506629944
f1,0.5927604894622946,0.012402056059789172
