Fold,Accuracy,Precision,Recall,F1
1,0.5585,0.5831363377783589,0.5585,0.5612147591436074
2,0.552,0.5652563930370429,0.552,0.5499522250678476
3,0.5175,0.5462245622460813,0.5175,0.5188589701371896
4,0.531,0.5478270324026078,0.531,0.5343082752115338
5,0.5065,0.5312510127641719,0.5065000000000001,0.504164892462804
