Metric,Mean,Std
accuracy,0.42024999999999996,0.02611752285344074
precision,0.43610628939260654,0.012495046906097191
recall,0.42025000000000007,0.02611752285344074
f1,0.415532810288456,0.023303278763726478
