Metric,Mean,Std
accuracy,0.5331,0.019787369708983583
precision,0.5547390676456526,0.017826838417925667
recall,0.5331,0.019787369708983555
f1,0.5336998244045964,0.02056280882364108
