Metric,Mean,Std
accuracy,0.5115000000000001,0.02322310272121277
precision,0.5232218103895175,0.013797256889522456
recall,0.5115000000000001,0.023223102721212762
f1,0.5059213044652977,0.023764624756823283
