Metric,Mean,Std
accuracy,0.5551,0.014749237268414919
precision,0.57273883521108,0.010861366750088416
recall,0.5551,0.014749237268414973
f1,0.555770317766597,0.014921396230455256
