Metric,Mean,Std
accuracy,0.45966666666666667,0.035569181416876414
precision,0.4878424730258506,0.015101663731519284
recall,0.45966666666666667,0.03556918141687639
f1,0.4569424822568185,0.03469183962469902
