Metric,Mean,Std
accuracy,0.36950000000000005,0.022158519806160324
precision,0.3897492575850131,0.03210567393949429
recall,0.36950000000000005,0.02215851980616036
f1,0.3618081493433693,0.026020850587328573
