Metric,Mean,Std
accuracy,0.9203571428571428,0.010139335404698866
precision,0.9208340913303626,0.010172586036894186
recall,0.9203571428571429,0.010139335404698793
f1,0.920229056329694,0.010135237232650002
