Metric,Mean,Std
accuracy,0.8746428571428572,0.037600206252148174
precision,0.8803704309522843,0.03752713299764481
recall,0.8746428571428572,0.03760020625214815
f1,0.874722025739427,0.038115957464275735
