Metric,Mean,Std
accuracy,0.8921428571428571,0.04238730556982111
precision,0.8973561519115666,0.035914900759330126
recall,0.8921428571428571,0.04238730556982107
f1,0.8919403764918771,0.04270438332475318
