Metric,Mean,Std
accuracy,0.9007142857142858,0.03241157515582409
precision,0.9049858957994925,0.028395596017503102
recall,0.9007142857142858,0.032411575155824095
f1,0.900492147137998,0.03276606605291449
