Metric,Mean,Std
accuracy,0.9310714285714285,0.02671657744180721
precision,0.9385540118653439,0.02064329267547999
recall,0.9310714285714285,0.026716577441807176
f1,0.9314219915097228,0.026394681003794534
