Metric,Mean,Std
accuracy,0.885,0.0871208988728202
precision,0.9101991869457905,0.044479165261457086
recall,0.885,0.08712089887282017
f1,0.8843335974414884,0.08782913646773821
