Metric,Mean,Std
accuracy,0.9357142857142857,0.013923991921155655
precision,0.9405276573094581,0.0104491492220316
recall,0.9357142857142857,0.013923991921155643
f1,0.9363547452546592,0.013507233814182507
