Metric,Mean,Std
accuracy,0.8017857142857142,0.20637789788321298
precision,0.8810185016240956,0.07220304173346825
recall,0.8017857142857142,0.20637789788321295
f1,0.7999434186704056,0.20918344845717715
