Metric,Mean,Std
accuracy,0.9360714285714286,0.017105614306897218
precision,0.9433193638526955,0.01356232850846504
recall,0.9360714285714286,0.017105614306897162
f1,0.9364880980879627,0.016727685812907917
