Metric,Mean,Std
accuracy,0.9532142857142858,0.01456862718169367
precision,0.9559775912972128,0.013453522902703057
recall,0.9532142857142857,0.014568627181693616
f1,0.9533086713238521,0.014500816900893934
