Metric,Mean,Std
accuracy,0.8400000000000001,0.08662168508249316
precision,0.8901884372348577,0.04203274294519409
recall,0.8400000000000001,0.08662168508249313
f1,0.8424676084724139,0.08398849675441963
