Metric,Mean,Std
accuracy,0.7664285714285713,0.20801969588851682
precision,0.8069817921834153,0.164833904261755
recall,0.7664285714285713,0.2080196958885168
f1,0.7575290354719881,0.2199873620858188
