Metric,Mean,Std
accuracy,0.925,0.05159447447080324
precision,0.939143255352515,0.034631681729285234
recall,0.925,0.051594474470803245
f1,0.9260612179620435,0.0503730609270457
