Metric,Mean,Std
accuracy,0.9607142857142857,0.0056469243931578
precision,0.9618068251923573,0.005780818997605626
recall,0.9607142857142856,0.0056469243931578286
f1,0.9606690994112406,0.005817882380165586
