Metric,Mean,Std
accuracy,0.8367857142857144,0.08435378607086817
precision,0.8788683718806872,0.045044261836349485
recall,0.8367857142857144,0.08435378607086816
f1,0.8387101900030144,0.07840661907084268
