Metric,Mean,Std
accuracy,0.9364285714285716,0.0392629804351766
precision,0.9424346118060616,0.031033820789283083
recall,0.9364285714285714,0.03926298043517656
f1,0.9362444263226269,0.03978115435218217
